kit_id,title,file_name,creation_date
d296c943-4894-484a-b0c3-9b3783accbaa,A,a,1706026855
d296c943-4894-484a-b0c3-9b3783accbaa,AltLeft,alt_left,1706026855
d296c943-4894-484a-b0c3-9b3783accbaa,AltRight,alt_right,1706026855
d296c943-4894-484a-b0c3-9b3783accbaa,B,b,1706026855
d296c943-4894-484a-b0c3-9b3783accbaa,Backspace,backspace,1706026855
d296c943-4894-484a-b0c3-9b3783accbaa,C,c,1706026855
d296c943-4894-484a-b0c3-9b3783accbaa,CtrlLeft,ctrl_left,1706026855
d296c943-4894-484a-b0c3-9b3783accbaa,CtrlRight,ctrl_right,1706026855
d296c943-4894-484a-b0c3-9b3783accbaa,D,d,1706026855
d296c943-4894-484a-b0c3-9b3783accbaa,E,e,1706026855
d296c943-4894-484a-b0c3-9b3783accbaa,Enter,enter,1706026855
d296c943-4894-484a-b0c3-9b3783accbaa,Esc,Esc,1706026855
d296c943-4894-484a-b0c3-9b3783accbaa,F,f,1706026855
d296c943-4894-484a-b0c3-9b3783accbaa,Fn,fn,1706026855
d296c943-4894-484a-b0c3-9b3783accbaa,G,g,1706026855
d296c943-4894-484a-b0c3-9b3783accbaa,H,h,1706026855
d296c943-4894-484a-b0c3-9b3783accbaa,I,i,1706026855
d296c943-4894-484a-b0c3-9b3783accbaa,J,j,1706026855
d296c943-4894-484a-b0c3-9b3783accbaa,K,k,1706026855
d296c943-4894-484a-b0c3-9b3783accbaa,L,l,1706026855
d296c943-4894-484a-b0c3-9b3783accbaa,Less,less,1706026855
d296c943-4894-484a-b0c3-9b3783accbaa,M,m,1706026855
d296c943-4894-484a-b0c3-9b3783accbaa,More,more,1706026855
d296c943-4894-484a-b0c3-9b3783accbaa,N,n,1706026855
d296c943-4894-484a-b0c3-9b3783accbaa,O,o,1706026855
d296c943-4894-484a-b0c3-9b3783accbaa,P,p,1706026855
d296c943-4894-484a-b0c3-9b3783accbaa,Q,q,1706026855
d296c943-4894-484a-b0c3-9b3783accbaa,R,r,1706026855
d296c943-4894-484a-b0c3-9b3783accbaa,S,s,1706026855
d296c943-4894-484a-b0c3-9b3783accbaa,ShiftLeft,shift_left,1706026855
d296c943-4894-484a-b0c3-9b3783accbaa,ShiftRight,shift_right,1706026855
d296c943-4894-484a-b0c3-9b3783accbaa,Space,space,1706026855
d296c943-4894-484a-b0c3-9b3783accbaa,T,t,1706026855
d296c943-4894-484a-b0c3-9b3783accbaa,Tab,tab,1706026855
d296c943-4894-484a-b0c3-9b3783accbaa,TwoDots,two_dots,1706026855
d296c943-4894-484a-b0c3-9b3783accbaa,U,u,1706026855
d296c943-4894-484a-b0c3-9b3783accbaa,V,v,1706026855
d296c943-4894-484a-b0c3-9b3783accbaa,Vertical,vertical,1706026855
d296c943-4894-484a-b0c3-9b3783accbaa,W,w,1706026855
d296c943-4894-484a-b0c3-9b3783accbaa,Win,win,1706026855
d296c943-4894-484a-b0c3-9b3783accbaa,X,x,1706026855
d296c943-4894-484a-b0c3-9b3783accbaa,Y,y,1706026855
d296c943-4894-484a-b0c3-9b3783accbaa,Z,z,1706026855
b00b2fd6-5dac-4994-b753-c4897d161561,-,-,1706026855
b00b2fd6-5dac-4994-b753-c4897d161561,0,0,1706026855
b00b2fd6-5dac-4994-b753-c4897d161561,1,1,1706026855
b00b2fd6-5dac-4994-b753-c4897d161561,2,2,1706026855
b00b2fd6-5dac-4994-b753-c4897d161561,3,3,1706026855
b00b2fd6-5dac-4994-b753-c4897d161561,4,4,1706026855
b00b2fd6-5dac-4994-b753-c4897d161561,5,5,1706026855
b00b2fd6-5dac-4994-b753-c4897d161561,6,6,1706026855
b00b2fd6-5dac-4994-b753-c4897d161561,7,7,1706026855
b00b2fd6-5dac-4994-b753-c4897d161561,8,8,1706026855
b00b2fd6-5dac-4994-b753-c4897d161561,9,9,1706026855
b00b2fd6-5dac-4994-b753-c4897d161561,=,=,1706026855
b00b2fd6-5dac-4994-b753-c4897d161561,A,a,1706026855
b00b2fd6-5dac-4994-b753-c4897d161561,AltLeft,alt_left,1706026855
b00b2fd6-5dac-4994-b753-c4897d161561,AltRight,alt_right,1706026855
b00b2fd6-5dac-4994-b753-c4897d161561,B,b,1706026855
b00b2fd6-5dac-4994-b753-c4897d161561,Backspace,backspace,1706026855
b00b2fd6-5dac-4994-b753-c4897d161561,C,c,1706026855
b00b2fd6-5dac-4994-b753-c4897d161561,Capslock,capslock,1706026855
b00b2fd6-5dac-4994-b753-c4897d161561,CtrlLeft,ctrl_left,1706026855
b00b2fd6-5dac-4994-b753-c4897d161561,CtrlRight,ctrl_right,1706026855
b00b2fd6-5dac-4994-b753-c4897d161561,D,d,1706026855
b00b2fd6-5dac-4994-b753-c4897d161561,E,e,1706026855
b00b2fd6-5dac-4994-b753-c4897d161561,Enter,enter,1706026855
b00b2fd6-5dac-4994-b753-c4897d161561,Esc,esc,1706026855
b00b2fd6-5dac-4994-b753-c4897d161561,F,f,1706026855
b00b2fd6-5dac-4994-b753-c4897d161561,Fn,fn,1706026855
b00b2fd6-5dac-4994-b753-c4897d161561,G,g,1706026855
b00b2fd6-5dac-4994-b753-c4897d161561,H,h,1706026855
b00b2fd6-5dac-4994-b753-c4897d161561,I,i,1706026855
b00b2fd6-5dac-4994-b753-c4897d161561,J,j,1706026855
b00b2fd6-5dac-4994-b753-c4897d161561,K,k,1706026855
b00b2fd6-5dac-4994-b753-c4897d161561,L,l,1706026855
b00b2fd6-5dac-4994-b753-c4897d161561,Less,less,1706026855
b00b2fd6-5dac-4994-b753-c4897d161561,Ls,ls,1706026855
b00b2fd6-5dac-4994-b753-c4897d161561,M,m,1706026855
b00b2fd6-5dac-4994-b753-c4897d161561,More,more,1706026855
b00b2fd6-5dac-4994-b753-c4897d161561,N,n,1706026855
b00b2fd6-5dac-4994-b753-c4897d161561,O,o,1706026855
b00b2fd6-5dac-4994-b753-c4897d161561,P,p,1706026855
b00b2fd6-5dac-4994-b753-c4897d161561,Q,q,1706026855
b00b2fd6-5dac-4994-b753-c4897d161561,R,r,1706026855
b00b2fd6-5dac-4994-b753-c4897d161561,S,s,1706026855
b00b2fd6-5dac-4994-b753-c4897d161561,ShiftLeft,shift_left,1706026855
b00b2fd6-5dac-4994-b753-c4897d161561,ShiftRight,shift_right,1706026855
b00b2fd6-5dac-4994-b753-c4897d161561,Slash,slash,1706026855
b00b2fd6-5dac-4994-b753-c4897d161561,Space,space,1706026855
b00b2fd6-5dac-4994-b753-c4897d161561,T,t,1706026855
b00b2fd6-5dac-4994-b753-c4897d161561,Tab,tab,1706026855
b00b2fd6-5dac-4994-b753-c4897d161561,TwoDots,two_dots,1706026855
b00b2fd6-5dac-4994-b753-c4897d161561,TwoQuotes,two_quotes,1706026855
b00b2fd6-5dac-4994-b753-c4897d161561,U,u,1706026855
b00b2fd6-5dac-4994-b753-c4897d161561,V,v,1706026855
b00b2fd6-5dac-4994-b753-c4897d161561,Vertical,vertical,1706026855
b00b2fd6-5dac-4994-b753-c4897d161561,W,w,1706026855
b00b2fd6-5dac-4994-b753-c4897d161561,Win,win,1706026855
b00b2fd6-5dac-4994-b753-c4897d161561,X,x,1706026855
b00b2fd6-5dac-4994-b753-c4897d161561,Y,y,1706026855
b00b2fd6-5dac-4994-b753-c4897d161561,Z,z,1706026855
b00b2fd6-5dac-4994-b753-c4897d161561,[,[,1706026855
b00b2fd6-5dac-4994-b753-c4897d161561,],],1706026855
3f3b4d25-d2f5-4194-aec9-2ee17f61cbe0,-,-,1706026855
3f3b4d25-d2f5-4194-aec9-2ee17f61cbe0,0,0,1706026855
3f3b4d25-d2f5-4194-aec9-2ee17f61cbe0,1,1,1706026855
3f3b4d25-d2f5-4194-aec9-2ee17f61cbe0,2,2,1706026855
3f3b4d25-d2f5-4194-aec9-2ee17f61cbe0,3,3,1706026855
3f3b4d25-d2f5-4194-aec9-2ee17f61cbe0,4,4,1706026855
3f3b4d25-d2f5-4194-aec9-2ee17f61cbe0,5,5,1706026855
3f3b4d25-d2f5-4194-aec9-2ee17f61cbe0,6,6,1706026855
3f3b4d25-d2f5-4194-aec9-2ee17f61cbe0,7,7,1706026855
3f3b4d25-d2f5-4194-aec9-2ee17f61cbe0,8,8,1706026855
3f3b4d25-d2f5-4194-aec9-2ee17f61cbe0,9,9,1706026855
3f3b4d25-d2f5-4194-aec9-2ee17f61cbe0,=,=,1706026855
3f3b4d25-d2f5-4194-aec9-2ee17f61cbe0,A,a,1706026855
3f3b4d25-d2f5-4194-aec9-2ee17f61cbe0,AltLeft,alt_left,1706026855
3f3b4d25-d2f5-4194-aec9-2ee17f61cbe0,AltRight,alt_right,1706026855
3f3b4d25-d2f5-4194-aec9-2ee17f61cbe0,ArrowDown,arrow_down,1706026855
3f3b4d25-d2f5-4194-aec9-2ee17f61cbe0,ArrowLeft,arrow_left,1706026855
3f3b4d25-d2f5-4194-aec9-2ee17f61cbe0,ArrowRight,arrow_right,1706026855
3f3b4d25-d2f5-4194-aec9-2ee17f61cbe0,ArrowUp,arrow_up,1706026855
3f3b4d25-d2f5-4194-aec9-2ee17f61cbe0,B,b,1706026855
3f3b4d25-d2f5-4194-aec9-2ee17f61cbe0,Backspace,backspace,1706026855
3f3b4d25-d2f5-4194-aec9-2ee17f61cbe0,C,c,1706026855
3f3b4d25-d2f5-4194-aec9-2ee17f61cbe0,Capslock,capslock,1706026855
3f3b4d25-d2f5-4194-aec9-2ee17f61cbe0,CtrlLeft,ctrl_left,1706026855
3f3b4d25-d2f5-4194-aec9-2ee17f61cbe0,CtrlRight,ctrl_right,1706026855
3f3b4d25-d2f5-4194-aec9-2ee17f61cbe0,D,d,1706026855
3f3b4d25-d2f5-4194-aec9-2ee17f61cbe0,Del,del,1706026855
3f3b4d25-d2f5-4194-aec9-2ee17f61cbe0,E,e,1706026855
3f3b4d25-d2f5-4194-aec9-2ee17f61cbe0,Enter,enter,1706026855
3f3b4d25-d2f5-4194-aec9-2ee17f61cbe0,Esc,esc,1706026855
3f3b4d25-d2f5-4194-aec9-2ee17f61cbe0,F,f,1706026855
3f3b4d25-d2f5-4194-aec9-2ee17f61cbe0,F1,f1,1706026855
3f3b4d25-d2f5-4194-aec9-2ee17f61cbe0,F10,f10,1706026855
3f3b4d25-d2f5-4194-aec9-2ee17f61cbe0,F11,f11,1706026855
3f3b4d25-d2f5-4194-aec9-2ee17f61cbe0,F12,f12,1706026855
3f3b4d25-d2f5-4194-aec9-2ee17f61cbe0,F2,f2,1706026855
3f3b4d25-d2f5-4194-aec9-2ee17f61cbe0,F3,f3,1706026855
3f3b4d25-d2f5-4194-aec9-2ee17f61cbe0,F4,f4,1706026855
3f3b4d25-d2f5-4194-aec9-2ee17f61cbe0,F5,f5,1706026855
3f3b4d25-d2f5-4194-aec9-2ee17f61cbe0,F6,f6,1706026855
3f3b4d25-d2f5-4194-aec9-2ee17f61cbe0,F7,f7,1706026855
3f3b4d25-d2f5-4194-aec9-2ee17f61cbe0,F8,f8,1706026855
3f3b4d25-d2f5-4194-aec9-2ee17f61cbe0,F9,f9,1706026855
3f3b4d25-d2f5-4194-aec9-2ee17f61cbe0,Fn,fn,1706026855
3f3b4d25-d2f5-4194-aec9-2ee17f61cbe0,G,g,1706026855
3f3b4d25-d2f5-4194-aec9-2ee17f61cbe0,H,h,1706026855
3f3b4d25-d2f5-4194-aec9-2ee17f61cbe0,Home,home,1706026855
3f3b4d25-d2f5-4194-aec9-2ee17f61cbe0,I,i,1706026855
3f3b4d25-d2f5-4194-aec9-2ee17f61cbe0,Ins,ins,1706026855
3f3b4d25-d2f5-4194-aec9-2ee17f61cbe0,J,j,1706026855
3f3b4d25-d2f5-4194-aec9-2ee17f61cbe0,K,k,1706026855
3f3b4d25-d2f5-4194-aec9-2ee17f61cbe0,L,l,1706026855
3f3b4d25-d2f5-4194-aec9-2ee17f61cbe0,Less,less,1706026855
3f3b4d25-d2f5-4194-aec9-2ee17f61cbe0,M,m,1706026855
3f3b4d25-d2f5-4194-aec9-2ee17f61cbe0,More,more,1706026855
3f3b4d25-d2f5-4194-aec9-2ee17f61cbe0,N,n,1706026855
3f3b4d25-d2f5-4194-aec9-2ee17f61cbe0,Num-,num_-,1706026855
3f3b4d25-d2f5-4194-aec9-2ee17f61cbe0,Num0,num_0,1706026855
3f3b4d25-d2f5-4194-aec9-2ee17f61cbe0,Num1,num_1,1706026855
3f3b4d25-d2f5-4194-aec9-2ee17f61cbe0,Num2,num_2,1706026855
3f3b4d25-d2f5-4194-aec9-2ee17f61cbe0,Num3,num_3,1706026855
3f3b4d25-d2f5-4194-aec9-2ee17f61cbe0,Num4,num_4,1706026855
3f3b4d25-d2f5-4194-aec9-2ee17f61cbe0,Num5,num_5,1706026855
3f3b4d25-d2f5-4194-aec9-2ee17f61cbe0,Num6,num_6,1706026855
3f3b4d25-d2f5-4194-aec9-2ee17f61cbe0,Num7,num_7,1706026855
3f3b4d25-d2f5-4194-aec9-2ee17f61cbe0,Num8,num_8,1706026855
3f3b4d25-d2f5-4194-aec9-2ee17f61cbe0,Num9,num_9,1706026855
3f3b4d25-d2f5-4194-aec9-2ee17f61cbe0,NumDot,num_dot,1706026855
3f3b4d25-d2f5-4194-aec9-2ee17f61cbe0,NumEnter,num_enter,1706026855
3f3b4d25-d2f5-4194-aec9-2ee17f61cbe0,NumNum,num_num,1706026855
3f3b4d25-d2f5-4194-aec9-2ee17f61cbe0,NumPlus,num_plus,1706026855
3f3b4d25-d2f5-4194-aec9-2ee17f61cbe0,NumStar,num_star,1706026855
3f3b4d25-d2f5-4194-aec9-2ee17f61cbe0,Num,num__,1706026855
3f3b4d25-d2f5-4194-aec9-2ee17f61cbe0,O,o,1706026855
3f3b4d25-d2f5-4194-aec9-2ee17f61cbe0,P,p,1706026855
3f3b4d25-d2f5-4194-aec9-2ee17f61cbe0,Pgdown,pgdown,1706026855
3f3b4d25-d2f5-4194-aec9-2ee17f61cbe0,Pgup,pgup,1706026855
3f3b4d25-d2f5-4194-aec9-2ee17f61cbe0,Prsc,prsc,1706026855
3f3b4d25-d2f5-4194-aec9-2ee17f61cbe0,Q,q,1706026855
3f3b4d25-d2f5-4194-aec9-2ee17f61cbe0,R,r,1706026855
3f3b4d25-d2f5-4194-aec9-2ee17f61cbe0,S,s,1706026855
3f3b4d25-d2f5-4194-aec9-2ee17f61cbe0,ShiftLeft,shift_left,1706026855
3f3b4d25-d2f5-4194-aec9-2ee17f61cbe0,ShiftRight,shift_right,1706026855
3f3b4d25-d2f5-4194-aec9-2ee17f61cbe0,Slash,slash,1706026855
3f3b4d25-d2f5-4194-aec9-2ee17f61cbe0,Space,space,1706026855
3f3b4d25-d2f5-4194-aec9-2ee17f61cbe0,T,t,1706026855
3f3b4d25-d2f5-4194-aec9-2ee17f61cbe0,Tab,tab,1706026855
3f3b4d25-d2f5-4194-aec9-2ee17f61cbe0,TwoDots,two_dots,1706026855
3f3b4d25-d2f5-4194-aec9-2ee17f61cbe0,TwoQuotes,two_quotes,1706026855
3f3b4d25-d2f5-4194-aec9-2ee17f61cbe0,U,u,1706026855
3f3b4d25-d2f5-4194-aec9-2ee17f61cbe0,V,v,1706026855
3f3b4d25-d2f5-4194-aec9-2ee17f61cbe0,Vertical,vertical,1706026855
3f3b4d25-d2f5-4194-aec9-2ee17f61cbe0,W,w,1706026855
3f3b4d25-d2f5-4194-aec9-2ee17f61cbe0,Win,win,1706026855
3f3b4d25-d2f5-4194-aec9-2ee17f61cbe0,X,x,1706026855
3f3b4d25-d2f5-4194-aec9-2ee17f61cbe0,Y,y,1706026855
3f3b4d25-d2f5-4194-aec9-2ee17f61cbe0,Z,z,1706026855
3f3b4d25-d2f5-4194-aec9-2ee17f61cbe0,[,[,1706026855
3f3b4d25-d2f5-4194-aec9-2ee17f61cbe0,],],1706026855
3f3b4d25-d2f5-4194-aec9-2ee17f61cbe0,`,`,1706026855
3d3f4e56-8ed2-4f85-84ef-8b2325e989ff,-,-,1706026855
3d3f4e56-8ed2-4f85-84ef-8b2325e989ff,0,0,1706026855
3d3f4e56-8ed2-4f85-84ef-8b2325e989ff,1,1,1706026855
3d3f4e56-8ed2-4f85-84ef-8b2325e989ff,2,2,1706026855
3d3f4e56-8ed2-4f85-84ef-8b2325e989ff,3,3,1706026855
3d3f4e56-8ed2-4f85-84ef-8b2325e989ff,4,4,1706026855
3d3f4e56-8ed2-4f85-84ef-8b2325e989ff,5,5,1706026855
3d3f4e56-8ed2-4f85-84ef-8b2325e989ff,6,6,1706026855
3d3f4e56-8ed2-4f85-84ef-8b2325e989ff,7,7,1706026855
3d3f4e56-8ed2-4f85-84ef-8b2325e989ff,8,8,1706026855
3d3f4e56-8ed2-4f85-84ef-8b2325e989ff,9,9,1706026855
3d3f4e56-8ed2-4f85-84ef-8b2325e989ff,=,=,1706026855
3d3f4e56-8ed2-4f85-84ef-8b2325e989ff,A,a,1706026855
3d3f4e56-8ed2-4f85-84ef-8b2325e989ff,AltLeft,alt_left,1706026855
3d3f4e56-8ed2-4f85-84ef-8b2325e989ff,AltRight,alt_right,1706026855
3d3f4e56-8ed2-4f85-84ef-8b2325e989ff,ArrowDown,arrow_down,1706026855
3d3f4e56-8ed2-4f85-84ef-8b2325e989ff,ArrowLeft,arrow_left,1706026855
3d3f4e56-8ed2-4f85-84ef-8b2325e989ff,ArrowRight,arrow_right,1706026855
3d3f4e56-8ed2-4f85-84ef-8b2325e989ff,ArrowUp,arrow_up,1706026855
3d3f4e56-8ed2-4f85-84ef-8b2325e989ff,B,b,1706026855
3d3f4e56-8ed2-4f85-84ef-8b2325e989ff,Backspace,backspace,1706026855
3d3f4e56-8ed2-4f85-84ef-8b2325e989ff,C,c,1706026855
3d3f4e56-8ed2-4f85-84ef-8b2325e989ff,Capslock,capslock,1706026855
3d3f4e56-8ed2-4f85-84ef-8b2325e989ff,CtrlLeft,ctrl_left,1706026855
3d3f4e56-8ed2-4f85-84ef-8b2325e989ff,CtrlRight,ctrl_right,1706026855
3d3f4e56-8ed2-4f85-84ef-8b2325e989ff,D,d,1706026855
3d3f4e56-8ed2-4f85-84ef-8b2325e989ff,Del,del,1706026855
3d3f4e56-8ed2-4f85-84ef-8b2325e989ff,E,e,1706026855
3d3f4e56-8ed2-4f85-84ef-8b2325e989ff,End,end,1706026855
3d3f4e56-8ed2-4f85-84ef-8b2325e989ff,Enter,enter,1706026855
3d3f4e56-8ed2-4f85-84ef-8b2325e989ff,Esc,esc,1706026855
3d3f4e56-8ed2-4f85-84ef-8b2325e989ff,F,f,1706026855
3d3f4e56-8ed2-4f85-84ef-8b2325e989ff,F1,f1,1706026855
3d3f4e56-8ed2-4f85-84ef-8b2325e989ff,F10,f10,1706026855
3d3f4e56-8ed2-4f85-84ef-8b2325e989ff,F11,f11,1706026855
3d3f4e56-8ed2-4f85-84ef-8b2325e989ff,F12,f12,1706026855
3d3f4e56-8ed2-4f85-84ef-8b2325e989ff,F2,f2,1706026855
3d3f4e56-8ed2-4f85-84ef-8b2325e989ff,F3,f3,1706026855
3d3f4e56-8ed2-4f85-84ef-8b2325e989ff,F4,f4,1706026855
3d3f4e56-8ed2-4f85-84ef-8b2325e989ff,F5,f5,1706026855
3d3f4e56-8ed2-4f85-84ef-8b2325e989ff,F6,f6,1706026855
3d3f4e56-8ed2-4f85-84ef-8b2325e989ff,F7,f7,1706026855
3d3f4e56-8ed2-4f85-84ef-8b2325e989ff,F8,f8,1706026855
3d3f4e56-8ed2-4f85-84ef-8b2325e989ff,F9,f9,1706026855
3d3f4e56-8ed2-4f85-84ef-8b2325e989ff,Fn,fn,1706026855
3d3f4e56-8ed2-4f85-84ef-8b2325e989ff,G,g,1706026855
3d3f4e56-8ed2-4f85-84ef-8b2325e989ff,H,h,1706026855
3d3f4e56-8ed2-4f85-84ef-8b2325e989ff,Home,home,1706026855
3d3f4e56-8ed2-4f85-84ef-8b2325e989ff,I,i,1706026855
3d3f4e56-8ed2-4f85-84ef-8b2325e989ff,Ins,ins,1706026855
3d3f4e56-8ed2-4f85-84ef-8b2325e989ff,J,j,1706026855
3d3f4e56-8ed2-4f85-84ef-8b2325e989ff,K,k,1706026855
3d3f4e56-8ed2-4f85-84ef-8b2325e989ff,L,l,1706026855
3d3f4e56-8ed2-4f85-84ef-8b2325e989ff,Less,less,1706026855
3d3f4e56-8ed2-4f85-84ef-8b2325e989ff,M,m,1706026855
3d3f4e56-8ed2-4f85-84ef-8b2325e989ff,More,more,1706026855
3d3f4e56-8ed2-4f85-84ef-8b2325e989ff,N,n,1706026855
3d3f4e56-8ed2-4f85-84ef-8b2325e989ff,O,o,1706026855
3d3f4e56-8ed2-4f85-84ef-8b2325e989ff,P,p,1706026855
3d3f4e56-8ed2-4f85-84ef-8b2325e989ff,Pgdn,pgdn,1706026855
3d3f4e56-8ed2-4f85-84ef-8b2325e989ff,Pgup,pgup,1706026855
3d3f4e56-8ed2-4f85-84ef-8b2325e989ff,Prsc,prsc,1706026855
3d3f4e56-8ed2-4f85-84ef-8b2325e989ff,Q,q,1706026855
3d3f4e56-8ed2-4f85-84ef-8b2325e989ff,R,r,1706026855
3d3f4e56-8ed2-4f85-84ef-8b2325e989ff,S,s,1706026855
3d3f4e56-8ed2-4f85-84ef-8b2325e989ff,ShiftLeft,shift_left,1706026855
3d3f4e56-8ed2-4f85-84ef-8b2325e989ff,ShiftRight,shift_right,1706026855
3d3f4e56-8ed2-4f85-84ef-8b2325e989ff,Slash,slash,1706026855
3d3f4e56-8ed2-4f85-84ef-8b2325e989ff,Space,space,1706026855
3d3f4e56-8ed2-4f85-84ef-8b2325e989ff,T,t,1706026855
3d3f4e56-8ed2-4f85-84ef-8b2325e989ff,Tab,tab,1706026855
3d3f4e56-8ed2-4f85-84ef-8b2325e989ff,TwoDots,two_dots,1706026855
3d3f4e56-8ed2-4f85-84ef-8b2325e989ff,TwoQuotes,two_quotes,1706026855
3d3f4e56-8ed2-4f85-84ef-8b2325e989ff,U,u,1706026855
3d3f4e56-8ed2-4f85-84ef-8b2325e989ff,V,v,1706026855
3d3f4e56-8ed2-4f85-84ef-8b2325e989ff,Vertical,vertical,1706026855
3d3f4e56-8ed2-4f85-84ef-8b2325e989ff,W,w,1706026855
3d3f4e56-8ed2-4f85-84ef-8b2325e989ff,Win,win,1706026855
3d3f4e56-8ed2-4f85-84ef-8b2325e989ff,X,x,1706026855
3d3f4e56-8ed2-4f85-84ef-8b2325e989ff,Y,y,1706026855
3d3f4e56-8ed2-4f85-84ef-8b2325e989ff,Z,z,1706026855
3d3f4e56-8ed2-4f85-84ef-8b2325e989ff,[,[,1706026855
3d3f4e56-8ed2-4f85-84ef-8b2325e989ff,],],1706026855
3d3f4e56-8ed2-4f85-84ef-8b2325e989ff,`,`,1706026855